geoname_id,ascii_name,feature_cla,feature_cod,country_cod,cou_name_en,country_cod_1,admin1_code,admin2_code,admin3_code,admin4_code,population,elevation,dem,timezone,modificatio,label_en
1122189,Tulak,P,PPLA2,AF,Afghanistan,,9,2703,,,0,,2275,Asia/Kabul,2018/2/17,Afghanistan
1123424,Tagab,P,PPL,AF,Afghanistan,,14,205,,,6400,,1335,Asia/Kabul,2020/6/9,Afghanistan
1127768,Aibak,P,PPLA,AF,Afghanistan,,32,1501,,,47823,,969,Asia/Kabul,2020/6/9,Afghanistan
1136723,Khinjan,P,PPLA2,AF,Afghanistan,,3,1306,,,0,,1132,Asia/Kabul,2020/6/9,Afghanistan
1138801,Ka'i,P,PPLA2,AF,Afghanistan,,18,810,,,0,,945,Asia/Kabul,2020/7/8,Afghanistan
1140614,Goshtah,P,PPLA2,AF,Afghanistan,,18,816,,,0,,483,Asia/Kabul,2020/6/9,Afghanistan
1142171,Faizabad,P,PPLA2,AF,Afghanistan,,31,1708,,,0,,312,Asia/Kabul,2018/2/17,Afghanistan
1143477,Dehi,P,PPLA2,AF,Afghanistan,,32,1504,,,0,,1271,Asia/Kabul,2018/2/17,Afghanistan
1149052,'Alaqahdari Dishu,P,PPLA2,AF,Afghanistan,,10,2310,,,9196,,596,Asia/Kabul,2018/2/17,Afghanistan
1349513,Ghulam 'Ali,P,PPLA2,AF,Afghanistan,,40,308,,,0,,1489,Asia/Kabul,2020/6/11,Afghanistan
1467976,`Aliabad,P,PPLA2,AF,Afghanistan,,24,1405,,,0,,426,Asia/Kabul,2020/7/10,Afghanistan
1476203,Ster Giyan,P,PPLA2,AF,Afghanistan,,29,2910,,,0,,2132,Asia/Kabul,2018/2/17,Afghanistan
1125444,Shibirghan,P,PPLA,AF,Afghanistan,,31,1701,,,55641,,360,Asia/Kabul,2020/6/9,Afghanistan
1128310,Rabat-e Sangi-ye Pa'in,P,PPLA2,AF,Afghanistan,,11,2006,,,0,,1192,Asia/Kabul,2020/6/9,Afghanistan
1130131,Qalat,P,PPLA,AF,Afghanistan,,28,2501,,,12191,,1568,Asia/Kabul,2020/6/9,Afghanistan
1132770,Bala Murghab,P,PPLA2,AF,Afghanistan,,2,1906,,,0,,466,Asia/Kabul,2018/2/17,Afghanistan
1133279,Miran,P,PPLA2,AF,Afghanistan,,27,405,,,0,,2457,Asia/Kabul,2020/6/9,Afghanistan
1137121,Khanaqah,P,PPLA2,AF,Afghanistan,,26,1204,,,0,,1378,Asia/Kabul,2020/6/9,Afghanistan
1137359,Khakiran,P,PPLA2,AF,Afghanistan,,28,2510,,,0,,2673,Asia/Kabul,2020/6/9,Afghanistan
1140623,Gomal Kelay,P,PPLA2,AF,Afghanistan,,29,2906,,,0,,1827,Asia/Kabul,2020/6/9,Afghanistan
1146336,Bulolah,P,PPLA2,AF,Afghanistan,,5,2802,,,0,,2430,Asia/Kabul,2020/6/9,Afghanistan
1451863,Wutahpur,P,PPLA2,AF,Afghanistan,,34,1008,,,0,,872,Asia/Kabul,2020/6/11,Afghanistan
1120473,Wuleswali Bihsud,P,PPLA2,AF,Afghanistan,,27,404,,,0,,2960,Asia/Kabul,2020/6/9,Afghanistan
1124621,Siyahgird,P,PPLA2,AF,Afghanistan,,40,305,,,0,,1878,Asia/Kabul,2020/6/9,Afghanistan
1135960,Khoshi,P,PPLA2,AF,Afghanistan,,17,504,,,0,,2252,Asia/Kabul,2020/6/9,Afghanistan
1142545,Imam Sahib,P,PPLA2,AF,Afghanistan,,24,1402,,,9659,,358,Asia/Kabul,2020/6/9,Afghanistan
1146911,Burkah,P,PPLA2,AF,Afghanistan,,3,1310,,,0,,1188,Asia/Kabul,2020/6/9,Afghanistan
1148114,'Alaqahdari Atghar,P,PPLA2,AF,Afghanistan,,28,2508,,,0,,1827,Asia/Kabul,2020/6/9,Afghanistan
1148268,Ashkasham,P,PPL,AF,Afghanistan,,1,1107,,,12120,,3057,Asia/Kabul,2018/2/17,Afghanistan
1149348,Pachir wa Agam,P,PPLA2,AF,Afghanistan,,18,807,,,0,,1241,Asia/Kabul,2020/7/29,Afghanistan
1120627,Ziarat-e Shah Maqsud,P,PPLA2,AF,Afghanistan,,23,2405,,,0,,1577,Asia/Kabul,2020/6/9,Afghanistan
1120879,Zarah Sharan,P,PPL,AF,Afghanistan,,29,2901,,,7366,,2154,Asia/Kabul,2020/6/9,Afghanistan
1120985,Zaranj,P,PPLA,AF,Afghanistan,,19,2201,,,49851,,489,Asia/Kabul,2018/2/13,Afghanistan
1126710,Sayagaz,P,PPLA2,AF,Afghanistan,,28,2503,,,0,,1673,Asia/Kabul,2018/2/17,Afghanistan
1126935,Sar Kani,P,PPLA2,AF,Afghanistan,,34,1015,,,0,,792,Asia/Kabul,2020/6/9,Afghanistan
1127001,Sarfiraz Kala,P,PPLA2,AF,Afghanistan,,8,611,,,0,,2106,Asia/Kabul,2020/6/9,Afghanistan
1131479,Urgun,P,PPLA2,AF,Afghanistan,,29,2911,,,0,,2208,Asia/Kabul,2018/2/17,Afghanistan
1132550,Hukumat-e Nad 'Ali,P,PPLA2,AF,Afghanistan,,10,2308,,,0,,797,Asia/Kabul,2020/6/9,Afghanistan
1135158,Kushk,P,PPL,AF,Afghanistan,,11,2014,,,16952,,1115,Asia/Kabul,2018/2/17,Afghanistan
1135514,Kotowal,P,PPLA2,AF,Afghanistan,,18,808,,,0,,1464,Asia/Kabul,2018/2/17,Afghanistan
1137247,Khamyab,P,PPLA2,AF,Afghanistan,,31,1709,,,0,,254,Asia/Kabul,2018/2/17,Afghanistan
1138321,Kanday,P,PPLA2,AF,Afghanistan,,34,1009,,,0,,1222,Asia/Kabul,2020/6/9,Afghanistan
1139683,Jalrez,P,PPLA2,AF,Afghanistan,,27,402,,,0,,2347,Asia/Kabul,2020/6/9,Afghanistan
1139715,Jalalabad,P,PPLA,AF,Afghanistan,,18,801,,,271900,,575,Asia/Kabul,2022/6/18,Afghanistan
1143548,Deh-e Now,P,PPLA2,AF,Afghanistan,,13,113,,,0,,1974,Asia/Kabul,2018/2/17,Afghanistan
1146979,Barg-e Matal,P,PPLA2,AF,Afghanistan,,38,3005,,,0,,2077,Asia/Kabul,2020/6/9,Afghanistan
1148792,Amanzi,P,PPLA2,AF,Afghanistan,,23,2410,,,0,,993,Asia/Kabul,2018/2/17,Afghanistan
1148863,'Alaqahdari-ye Almar,P,PPLA2,AF,Afghanistan,,7,1803,,,0,,840,Asia/Kabul,2018/2/17,Afghanistan
1349934,Surkh Bilandi,P,PPLA2,AF,Afghanistan,,13,107,,,0,,2040,Asia/Kabul,2020/6/11,Afghanistan
1429434,Bazarak,P,PPLA,AF,Afghanistan,,42,3301,,,65000,,1965,Asia/Kabul,2020/6/11,Afghanistan
1468514,Pas Pul,P,PPLA2,AF,Afghanistan,,1,1119,,,0,,2143,Asia/Kabul,2018/2/17,Afghanistan
1120487,Tukzar,P,PPLA2,AF,Afghanistan,,33,3102,,,12021,,1210,Asia/Kabul,2020/6/9,Afghanistan
1121418,Yahya Khel,P,PPLA2,AF,Afghanistan,,29,2918,,,0,,2136,Asia/Kabul,2020/6/9,Afghanistan
1130490,Pul-e Khumri,P,PPLA,AF,Afghanistan,,3,1301,,,56369,,638,Asia/Kabul,2020/6/9,Afghanistan
1133453,Maymana,P,PPLA,AF,Afghanistan,,7,1801,,,75900,877,864,Asia/Kabul,2018/2/17,Afghanistan
1136250,Khwajah Du Koh,P,PPLA2,AF,Afghanistan,,31,1702,,,0,,307,Asia/Kabul,2020/6/9,Afghanistan
1136863,Khash,P,PPL,AF,Afghanistan,,19,2205,,,15133,,579,Asia/Kabul,2018/2/17,Afghanistan
1141857,Gardez,P,PPLA,AF,Afghanistan,,36,701,,,103601,,2308,Asia/Kabul,2018/2/13,Afghanistan
1144905,Tsowkey,P,PPLA2,AF,Afghanistan,,34,1012,,,0,,725,Asia/Kabul,2020/6/9,Afghanistan
1145124,Chinar,P,PPLA2,AF,Afghanistan,,23,2406,,,0,,1132,Asia/Kabul,2020/6/9,Afghanistan
1145866,Chahar Burj,P,PPL,AF,Afghanistan,,11,2003,,,11935,,943,Asia/Kabul,2020/6/9,Afghanistan
1147242,Bamyan,P,PPLA,AF,Afghanistan,,5,2801,,,61863,,2550,Asia/Kabul,2020/6/9,Afghanistan
1348242,Khadir,P,PPLA2,AF,Afghanistan,,41,3405,,,0,,2462,Asia/Kabul,2018/2/17,Afghanistan
1456960,Maydanshakhr,P,PPLA,AF,Afghanistan,,27,401,,,1600,,2206,Asia/Kabul,2018/2/17,Afghanistan
1136235,Khwajah Ghar,P,PPLA2,AF,Afghanistan,,26,1212,,,0,,512,Asia/Kabul,2020/6/9,Afghanistan
1140435,Hafizan,P,PPLA2,AF,Afghanistan,,18,806,,,0,,909,Asia/Kabul,2020/7/8,Afghanistan
1142264,Farah,P,PPLA,AF,Afghanistan,,6,2101,,,43561,,662,Asia/Kabul,2018/2/17,Afghanistan
1142517,Injil,P,PPLA2,AF,Afghanistan,,11,2002,,,0,,937,Asia/Kabul,2020/6/9,Afghanistan
1142777,Dowlatabad,P,PPLA2,AF,Afghanistan,,7,1809,,,0,,413,Asia/Kabul,2020/6/9,Afghanistan
1145007,Chisht-e Sharif,P,PPLA2,AF,Afghanistan,,11,2015,,,0,,1572,Asia/Kabul,2020/6/9,Afghanistan
1145607,Chakaran,P,PPLA2,AF,Afghanistan,,1,1125,,,0,,1759,Asia/Kabul,2018/2/17,Afghanistan
1147540,Baghlan,P,PPLA2,AF,Afghanistan,,3,1311,,,108449,,531,Asia/Kabul,2020/6/9,Afghanistan
1148311,Asadabad,P,PPLA,AF,Afghanistan,,34,1001,,,48400,,837,Asia/Kabul,2020/6/9,Afghanistan
1120863,Zarghun Shahr,P,PPL,AF,Afghanistan,,29,2902,,,13737,,2120,Asia/Kabul,2020/6/9,Afghanistan
1125866,Shahr-e Safa,P,PPLA2,AF,Afghanistan,,28,2506,,,0,,1257,Asia/Kabul,2020/6/9,Afghanistan
1135625,Kushk-e Kuhnah,P,PPLA2,AF,Afghanistan,,11,2016,,,0,,1076,Asia/Kabul,2018/2/17,Afghanistan
1137168,Khanabad,P,PPLA2,AF,Afghanistan,,24,1406,,,71531,,499,Asia/Kabul,2020/6/9,Afghanistan
1143814,Dasht-e Qal'ah,P,PPLA2,AF,Afghanistan,,26,1214,,,0,,449,Asia/Kabul,2020/6/9,Afghanistan
1146576,Bal Chiragh,P,PPLA2,AF,Afghanistan,,7,1806,,,0,,1163,Asia/Kabul,2018/2/17,Afghanistan
1147290,Balkh,P,PPLA2,AF,Afghanistan,,30,1606,,,114883,,348,Asia/Kabul,2018/2/17,Afghanistan
1434016,'Alaqahdari Sarobi,P,PPLA2,AF,Afghanistan,,29,2908,,,0,,2400,Asia/Kabul,2020/6/11,Afghanistan
1453103,Sultanpur-e 'Ulya,P,PPLA2,AF,Afghanistan,,18,802,,,0,,696,Asia/Kabul,2020/6/11,Afghanistan
1120543,Zurmat,P,PPLA2,AF,Afghanistan,,36,702,,,0,,2150,Asia/Kabul,2018/2/17,Afghanistan
1121271,Yangi Qal'ah,P,PPL,AF,Afghanistan,,26,1210,,,6541,,471,Asia/Kabul,2020/6/9,Afghanistan
1126263,Markaz-e Sayyidabad,P,PPLA2,AF,Afghanistan,,27,407,,,0,,2113,Asia/Kabul,2020/6/9,Afghanistan
1127628,Sang-e Charak,P,PPL,AF,Afghanistan,,33,3102,,,15377,,1483,Asia/Kabul,2018/2/17,Afghanistan
1128954,Qurghan,P,PPLA2,AF,Afghanistan,,7,1814,,,0,,312,Asia/Kabul,2018/2/17,Afghanistan
1130497,Pul-e 'Alam,P,PPLA,AF,Afghanistan,,17,501,,,13247,,1921,Asia/Kabul,2020/6/9,Afghanistan
1136354,Deh Khwahan,P,PPLA2,AF,Afghanistan,,1,1111,,,0,,1047,Asia/Kabul,2020/6/9,Afghanistan
1137745,Kishk-e Nakhud,P,PPLA2,AF,Afghanistan,,23,2407,,,0,,944,Asia/Kabul,2020/6/9,Afghanistan
1139500,Jani Khel,P,PPLA2,AF,Afghanistan,,29,2916,,,0,,2048,Asia/Kabul,2018/2/17,Afghanistan
1144040,Darqad,P,PPLA2,AF,Afghanistan,,26,1211,,,0,,435,Asia/Kabul,2018/2/17,Afghanistan
1145364,Dowr-e Rabat,P,PPLA2,AF,Afghanistan,,24,1404,,,0,,390,Asia/Kabul,2020/6/9,Afghanistan
1148709,Anar Darah,P,PPLA2,AF,Afghanistan,,6,2107,,,10023,,778,Asia/Kabul,2020/6/9,Afghanistan
1149550,Ab-e Kamari,P,PPLA2,AF,Afghanistan,,2,1902,,,0,,760,Asia/Kabul,2018/2/17,Afghanistan
1464552,Qaram Qol,P,PPLA2,AF,Afghanistan,,7,1810,,,0,,334,Asia/Kabul,2020/6/11,Afghanistan
1136575,Khulm,P,PPLA2,AF,Afghanistan,,30,1614,,,64933,,445,Asia/Kabul,2018/2/17,Afghanistan
1137148,Khandud,P,PPLA2,AF,Afghanistan,,1,1106,,,5521,,2807,Asia/Kabul,2020/6/9,Afghanistan
1137160,Khanaqah,P,PPLA2,AF,Afghanistan,,31,1710,,,0,,299,Asia/Kabul,2018/2/17,Afghanistan
1138590,Kalan Deh,P,PPLA2,AF,Afghanistan,,27,409,,,0,,2502,Asia/Kabul,2020/6/9,Afghanistan
1142170,Fayzabad,P,PPLA,AF,Afghanistan,,1,1101,,,44421,,1210,Asia/Kabul,2018/2/17,Afghanistan
1145417,Tsaperai,P,PPLA2,AF,Afghanistan,,36,707,,,0,,1679,Asia/Kabul,2020/6/9,Afghanistan
1149107,Alah Say,P,PPLA2,AF,Afghanistan,,14,206,,,0,,1602,Asia/Kabul,2020/6/9,Afghanistan
1452109,Karbori,P,PPLA2,AF,Afghanistan,,34,1007,,,0,,884,Asia/Kabul,2020/7/10,Afghanistan
1467505,Ziraki,P,PPLA2,AF,Afghanistan,,1,1112,,,0,,2475,Asia/Kabul,2018/2/17,Afghanistan
1120471,Zor Kot,P,PPLA2,AF,Afghanistan,,37,3205,,,0,,1845,Asia/Kabul,2020/9/24,Afghanistan
1124973,Shewah,P,PPLA2,AF,Afghanistan,,18,819,,,0,,602,Asia/Kabul,2020/7/8,Afghanistan
1126216,Wuleswali Sayyid Karam,P,PPLA2,AF,Afghanistan,,36,710,,,0,,2458,Asia/Kabul,2020/6/9,Afghanistan
1127451,Sar Chakan,P,PPLA2,AF,Afghanistan,,7,1807,,,0,,1348,Asia/Kabul,2018/2/17,Afghanistan
1127604,Sang-e Mashah,P,PPLA2,AF,Afghanistan,,8,607,,,0,,2484,Asia/Kabul,2020/6/9,Afghanistan
1130065,Qal'ah-ye Shahr,P,PPL,AF,Afghanistan,,33,3103,,,7756,,2136,Asia/Kabul,2018/2/17,Afghanistan
1133544,Mingajik,P,PPLA2,AF,Afghanistan,,31,1704,,,0,,280,Asia/Kabul,2018/2/17,Afghanistan
1133574,Mehtar Lam,P,PPLA,AF,Afghanistan,,35,901,,,17345,,795,Asia/Kabul,2020/6/9,Afghanistan
1142404,Kafir Qala,P,PPL,AF,Afghanistan,,11,2008,,,18086,,726,Asia/Kabul,2018/2/17,Afghanistan
1148205,Asmar,P,PPLA2,AF,Afghanistan,,34,1003,,,15708,,913,Asia/Kabul,2020/6/9,Afghanistan
1148658,Andkhoy,P,PPLA2,AF,Afghanistan,,7,1812,,,29208,,306,Asia/Kabul,2020/6/9,Afghanistan
1454590,Chandal Ba'i,P,PPLA2,AF,Afghanistan,,13,108,,,0,,2304,Asia/Kabul,2018/2/17,Afghanistan
1464922,Pul-e Hisar,P,PPLA2,AF,Afghanistan,,3,1302,,,0,,1979,Asia/Kabul,2018/2/17,Afghanistan
1123935,Sperah,P,PPLA2,AF,Afghanistan,,37,3204,,,0,,1743,Asia/Kabul,2020/6/9,Afghanistan
1129867,Qala i Naw,P,PPLA,AF,Afghanistan,,2,1901,,,9000,,887,Asia/Kabul,2018/2/17,Afghanistan
1130981,Pasnay,P,PPLA2,AF,Afghanistan,,33,3103,,,0,,1759,Asia/Kabul,2018/2/17,Afghanistan
1131462,Uruzgan,P,PPL,AF,Afghanistan,,39,2603,,,13388,,2026,Asia/Kabul,2020/6/9,Afghanistan
1132034,Nayak,P,PPLA2,AF,Afghanistan,,5,2804,,,0,,2554,Asia/Kabul,2018/2/17,Afghanistan
1133154,Mizan 'Alaqahdari,P,PPLA2,AF,Afghanistan,,28,2505,,,0,,1409,Asia/Kabul,2020/6/9,Afghanistan
1142852,Du Qal'ah,P,PPLA2,AF,Afghanistan,,6,2110,,,0,,557,Asia/Kabul,2018/2/17,Afghanistan
1144559,Hukumati Dahanah-ye Ghori,P,PPLA2,AF,Afghanistan,,3,1303,,,3307,,801,Asia/Kabul,2020/6/9,Afghanistan
1144942,Chiras,P,PPL,AF,Afghanistan,,33,3103,,,12779,,2691,Asia/Kabul,2018/2/17,Afghanistan
1469237,Qal'ah-ye Na'im,P,PPLA2,AF,Afghanistan,,13,109,,,0,,1819,Asia/Kabul,2020/6/11,Afghanistan
1125962,'Alaqahdari Shah Joy,P,PPLA2,AF,Afghanistan,,28,2502,,,0,,1865,Asia/Kabul,2020/6/9,Afghanistan
1126884,Sarobi,P,PPLA2,AF,Afghanistan,,13,112,,,0,,987,Asia/Kabul,2020/6/9,Afghanistan
1128239,Rudbar,P,PPL,AF,Afghanistan,,19,2203,,,11034,,556,Asia/Kabul,2018/12/4,Afghanistan
1129648,Qarawul,P,PPL,AF,Afghanistan,,24,1402,,,24544,,337,Asia/Kabul,2020/6/9,Afghanistan
1129678,Qarah Bagh,P,PPLA2,AF,Afghanistan,,11,2007,,,12412,,952,Asia/Kabul,2020/6/9,Afghanistan
1133270,Mir Bachah Kot,P,PPLA2,AF,Afghanistan,,13,103,,,5405,,1673,Asia/Kabul,2020/6/9,Afghanistan
1133856,Mardian,P,PPLA2,AF,Afghanistan,,31,1707,,,0,,287,Asia/Kabul,2018/2/17,Afghanistan
1133987,Mandol,P,PPLA2,AF,Afghanistan,,38,3004,,,0,,2003,Asia/Kabul,2018/2/17,Afghanistan
1134720,Lashkar Gah,P,PPLA,AF,Afghanistan,,10,2301,,,43934,,786,Asia/Kabul,2020/6/9,Afghanistan
1136442,Khugyani,P,PPLA2,AF,Afghanistan,,23,2412,,,0,,1311,Asia/Kabul,2018/2/17,Afghanistan
1136469,Khost,P,PPLA,AF,Afghanistan,,37,3201,,,96123,,1183,Asia/Kabul,2020/6/9,Afghanistan
1138958,Kabul,P,PPLC,AF,Afghanistan,,13,101,,,4434550,,1798,Asia/Kabul,2022/6/18,Afghanistan
1139807,Jabal os Saraj,P,PPL,AF,Afghanistan,,40,302,,,15032,,1612,Asia/Kabul,2018/2/17,Afghanistan
1142172,Fayzabad,P,PPLA2,AF,Afghanistan,,7,1808,,,0,,495,Asia/Kabul,2018/2/17,Afghanistan
1143816,Dasht-e Qal'ah,P,PPLA2,AF,Afghanistan,,6,2104,,,0,,1718,Asia/Kabul,2018/2/17,Afghanistan
1144166,Dangam,P,PPLA2,AF,Afghanistan,,34,1004,,,0,,1250,Asia/Kabul,2020/6/9,Afghanistan
1427089,Qaranghu Toghai,P,PPLA2,AF,Afghanistan,,30,1613,,,0,,301,Asia/Kabul,2020/6/11,Afghanistan
1448087,Chowney,P,PPLA2,AF,Afghanistan,,41,3402,,,0,,1347,Asia/Kabul,2020/6/11,Afghanistan
1453777,Baba Sahib,P,PPLA2,AF,Afghanistan,,23,2404,,,0,,1014,Asia/Kabul,2020/7/10,Afghanistan
1467433,March,P,PPLA2,AF,Afghanistan,,1,1128,,,0,,1607,Asia/Kabul,2018/2/17,Afghanistan
8534687,Salam Khel,P,PPLA2,AF,Afghanistan,,36,705,,,0,,2417,Asia/Kabul,2018/2/17,Afghanistan
1120484,Lash,P,PPLA2,AF,Afghanistan,,7,1805,,,0,,1927,Asia/Kabul,2020/6/9,Afghanistan
1131389,Omnah,P,PPLA2,AF,Afghanistan,,29,2907,,,0,,2595,Asia/Kabul,2020/6/9,Afghanistan
1136414,Khulbisat,P,PPLA2,AF,Afghanistan,,37,3209,,,0,,1148,Asia/Kabul,2018/2/17,Afghanistan
1136737,Khinj,P,PPLA2,AF,Afghanistan,,42,3303,,,0,,2225,Asia/Kabul,2018/2/17,Afghanistan
1137079,Khan Neshin,P,PPLA2,AF,Afghanistan,,10,2313,,,0,,635,Asia/Kabul,2020/6/9,Afghanistan
1139335,Jawand,P,PPLA2,AF,Afghanistan,,2,1904,,,0,,945,Asia/Kabul,2018/2/17,Afghanistan
1140341,Haji Khel,P,PPLA2,AF,Afghanistan,,14,203,,,0,,1914,Asia/Kabul,2018/2/17,Afghanistan
1145897,Chah Ab,P,PPLA2,AF,Afghanistan,,26,1209,,,0,,1034,Asia/Kabul,2020/6/9,Afghanistan
1147066,Baraki Barak,P,PPLA2,AF,Afghanistan,,17,503,,,22305,,1940,Asia/Kabul,2018/2/17,Afghanistan
1459933,Du Lainah,P,PPLA2,AF,Afghanistan,,9,2710,,,0,,2619,Asia/Kabul,2020/6/11,Afghanistan
1465349,Lab-Sar,P,PPL,AF,Afghanistan,,30,1610,,,1068,,1011,Asia/Kabul,2018/12/6,Afghanistan
1123666,Markaz-e Hukumat-e Sultan-e Bakwah,P,PPLA2,AF,Afghanistan,,6,2102,,,0,,724,Asia/Kabul,2020/6/9,Afghanistan
1129680,Qarah Bagh,P,PPLA2,AF,Afghanistan,,8,613,,,0,,2089,Asia/Kabul,2020/6/9,Afghanistan
1130233,Qadis,P,PPLA2,AF,Afghanistan,,2,1903,,,0,,1300,Asia/Kabul,2018/2/17,Afghanistan
1138714,Kajran,P,PPLA2,AF,Afghanistan,,41,3404,,,0,,1364,Asia/Kabul,2020/6/9,Afghanistan
1140433,Hafiz Moghul,P,PPLA2,AF,Afghanistan,,1,1115,,,0,,1700,Asia/Kabul,2018/2/17,Afghanistan
1142234,Qal'ah-ye Farsi,P,PPLA2,AF,Afghanistan,,11,2013,,,0,,2286,Asia/Kabul,2020/6/9,Afghanistan
1143874,Darzab,P,PPLA2,AF,Afghanistan,,31,1703,,,9642,,1179,Asia/Kabul,2018/2/17,Afghanistan
1144185,Dandar,P,PPLA2,AF,Afghanistan,,40,309,,,0,,1724,Asia/Kabul,2020/6/9,Afghanistan
1148560,Aqchah,P,PPLA2,AF,Afghanistan,,31,1706,,,0,,293,Asia/Kabul,2020/6/9,Afghanistan
1148893,'Ali Sher 'Alaqahdari,P,PPLA2,AF,Afghanistan,,37,3207,,,0,,1082,Asia/Kabul,2020/6/9,Afghanistan
1437312,Kushkak,P,PPLA2,AF,Afghanistan,,6,2108,,,0,,612,Asia/Kabul,2018/2/17,Afghanistan
1129555,Qarghah'i,P,PPLA2,AF,Afghanistan,,35,902,,,0,,659,Asia/Kabul,2020/6/9,Afghanistan
1129636,Qarchi Gak,P,PPL,AF,Afghanistan,,30,1605,,,8942,,306,Asia/Kabul,2018/2/17,Afghanistan
1130469,Parun,P,PPLA,AF,Afghanistan,,38,3001,,,1000,,2756,Asia/Kabul,2020/6/9,Afghanistan
1130997,Pashmul,P,PPLA2,AF,Afghanistan,,23,2416,,,0,,946,Asia/Kabul,2020/6/9,Afghanistan
1132172,Okak,P,PPLA2,AF,Afghanistan,,8,604,,,0,,3068,Asia/Kabul,2020/6/9,Afghanistan
1132604,Musa Qal'ah,P,PPLA2,AF,Afghanistan,,10,2304,,,0,,1053,Asia/Kabul,2020/6/9,Afghanistan
1143529,Deh-e Salah,P,PPLA2,AF,Afghanistan,,3,1312,,,0,,1632,Asia/Kabul,2018/2/17,Afghanistan
1143630,Dehdadi,P,PPLA2,AF,Afghanistan,,30,1612,,,0,,398,Asia/Kabul,2020/6/9,Afghanistan
1123906,Spin Boldak,P,PPLA2,AF,Afghanistan,,23,2411,,,0,,1218,Asia/Kabul,2018/2/17,Afghanistan
1133456,Maidan Khulah,P,PPLA2,AF,Afghanistan,,36,706,,,0,,2026,Asia/Kabul,2020/6/9,Afghanistan
1133749,Mashhad,P,PPLA2,AF,Afghanistan,,1,1102,,,0,,977,Asia/Kabul,2018/2/17,Afghanistan
1134887,La'l,P,PPLA2,AF,Afghanistan,,9,2707,,,0,,2797,Asia/Kabul,2018/2/17,Afghanistan
1136604,Khudaydad Khel,P,PPLA2,AF,Afghanistan,,5,2807,,,0,,2030,Asia/Kabul,2018/2/17,Afghanistan
1139967,Hukumat-e Shinkai,P,PPLA2,AF,Afghanistan,,28,2507,,,0,,1936,Asia/Kabul,2020/6/9,Afghanistan
1140605,Guzarah,P,PPLA2,AF,Afghanistan,,11,2003,,,0,,983,Asia/Kabul,2018/2/17,Afghanistan
1143901,Markaz-e Hukumat-e Darweshan,P,PPL,AF,Afghanistan,,10,2311,,,9012,,714,Asia/Kabul,2018/2/17,Afghanistan
1147489,Baharak,P,PPLA2,AF,Afghanistan,,1,1108,,,0,,1552,Asia/Kabul,2020/6/9,Afghanistan
1349845,Zargaran,P,PPLA2,AF,Afghanistan,,13,115,,,0,,1935,Asia/Kabul,2020/6/11,Afghanistan
1120711,Zindah Jan,P,PPLA2,AF,Afghanistan,,11,2010,,,10104,,834,Asia/Kabul,2018/2/17,Afghanistan
1134724,Lash-e Juwayn,P,PPLA2,AF,Afghanistan,,6,2109,,,0,,513,Asia/Kabul,2020/6/9,Afghanistan
1140026,Herat,P,PPLA,AF,Afghanistan,,11,2001,,,574300,,927,Asia/Kabul,2022/6/18,Afghanistan
1140970,Ghoriyan,P,PPLA2,AF,Afghanistan,,11,2009,,,0,,796,Asia/Kabul,2020/6/9,Afghanistan
1142738,Doshi,P,PPLA2,AF,Afghanistan,,3,1304,,,0,,836,Asia/Kabul,2020/6/9,Afghanistan
1142758,Dowlatyar,P,PPLA2,AF,Afghanistan,,9,2709,,,0,,2456,Asia/Kabul,2018/2/17,Afghanistan
1142761,Dowlat Shah,P,PPLA2,AF,Afghanistan,,35,904,,,0,,1551,Asia/Kabul,2020/6/9,Afghanistan
1149049,'Alaqahdari Yosuf Khel,P,PPLA2,AF,Afghanistan,,29,2919,,,0,,2239,Asia/Kabul,2018/2/17,Afghanistan
1349969,Pul-e Sangi,P,PPLA2,AF,Afghanistan,,13,102,,,0,,1776,Asia/Kabul,2020/6/11,Afghanistan
1474140,Manogay,P,PPLA2,AF,Afghanistan,,34,1010,,,0,,1042,Asia/Kabul,2020/7/10,Afghanistan
1121045,Zamto Kelay,P,PPLA2,AF,Afghanistan,,23,2414,,,0,,1925,Asia/Kabul,2020/6/9,Afghanistan
1122402,Titan,P,PPLA2,AF,Afghanistan,,9,2704,,,0,,2194,Asia/Kabul,2018/2/17,Afghanistan
1123963,Sozmah Qal'ah,P,PPLA2,AF,Afghanistan,,33,3105,,,0,,870,Asia/Kabul,2020/6/9,Afghanistan
1129932,Qal'ah-ye Kuhnah,P,PPLA2,AF,Afghanistan,,6,2103,,,0,,1429,Asia/Kabul,2018/2/17,Afghanistan
1131625,Nurgal,P,PPLA2,AF,Afghanistan,,34,1013,,,0,,679,Asia/Kabul,2018/2/17,Afghanistan
1132465,Nikeh,P,PPLA2,AF,Afghanistan,,29,2913,,,0,,2488,Asia/Kabul,2020/6/9,Afghanistan
1132495,Nahrin,P,PPLA2,AF,Afghanistan,,3,1309,,,22363,,1138,Asia/Kabul,2020/6/9,Afghanistan
1133105,Muhammad Aghah Wuluswali,P,PPLA2,AF,Afghanistan,,17,505,,,0,,1853,Asia/Kabul,2018/2/17,Afghanistan
1138336,Kandahar,P,PPLA,AF,Afghanistan,,23,2401,,,523300,,1007,Asia/Kabul,2022/6/18,Afghanistan
1140919,'Alaqahdari Gelan,P,PPLA2,AF,Afghanistan,,8,609,,,0,,1987,Asia/Kabul,2020/6/9,Afghanistan
1142776,Dowlatabad,P,PPLA2,AF,Afghanistan,,30,1605,,,0,,312,Asia/Kabul,2020/6/9,Afghanistan
1143255,De Narkhel Kelay,P,PPLA2,AF,Afghanistan,,23,2415,,,0,,1478,Asia/Kabul,2018/2/17,Afghanistan
1145799,Chahar Qal'ah,P,PPLA2,AF,Afghanistan,,8,619,,,0,,2376,Asia/Kabul,2020/6/9,Afghanistan
1349709,Qarah Bagh Bazar,P,PPLA2,AF,Afghanistan,,13,105,,,0,,1531,Asia/Kabul,2020/6/11,Afghanistan
1435007,Ziruk `Alaqahdari,P,PPLA2,AF,Afghanistan,,29,2912,,,0,,2336,Asia/Kabul,2020/7/10,Afghanistan
1120483,Kuhsan,P,PPLA2,AF,Afghanistan,,11,2008,,,12087,,740,Asia/Kabul,2020/6/9,Afghanistan
1120616,Zaybak,P,PPLA2,AF,Afghanistan,,1,1105,,,0,,2616,Asia/Kabul,2018/2/17,Afghanistan
1121855,Washer,P,PPLA2,AF,Afghanistan,,10,2307,,,0,,1175,Asia/Kabul,2018/2/17,Afghanistan
1126266,Sayad,P,PPLA2,AF,Afghanistan,,33,3106,,,0,,946,Asia/Kabul,2020/6/9,Afghanistan
1126796,Sar-e Tayghan,P,PPLA2,AF,Afghanistan,,41,3406,,,0,,1423,Asia/Kabul,2018/2/17,Afghanistan
1129928,Qal'ah-ye Kuf,P,PPLA2,AF,Afghanistan,,1,1120,,,0,,1383,Asia/Kabul,2020/6/9,Afghanistan
1131045,Pasaband,P,PPLA2,AF,Afghanistan,,9,2706,,,0,,2468,Asia/Kabul,2020/6/9,Afghanistan
1138657,Kalafgan,P,PPLA2,AF,Afghanistan,,26,1207,,,0,,1590,Asia/Kabul,2018/2/17,Afghanistan
1139085,Jurm,P,PPLA2,AF,Afghanistan,,1,1103,,,12106,,1564,Asia/Kabul,2018/2/17,Afghanistan
1141540,Gereshk,P,PPLA2,AF,Afghanistan,,10,2302,,,43588,,830,Asia/Kabul,2018/2/17,Afghanistan
1147118,Banu,P,PPLA2,AF,Afghanistan,,3,1307,,,0,,1510,Asia/Kabul,2020/6/9,Afghanistan
1148695,'Unabah,P,PPLA2,AF,Afghanistan,,42,3306,,,0,,1770,Asia/Kabul,2020/6/9,Afghanistan
1423451,Ibrahim Khan,P,PPLA2,AF,Afghanistan,,40,310,,,0,,1491,Asia/Kabul,2020/6/11,Afghanistan
1437517,Khayr Kot,P,PPLA2,AF,Afghanistan,,29,2902,,,0,,2126,Asia/Kabul,2020/6/11,Afghanistan
1455430,Dahan-e Jarf,P,PPLA2,AF,Afghanistan,,40,306,,,0,,2306,Asia/Kabul,2018/2/17,Afghanistan
1131833,Nili,P,PPLA,AF,Afghanistan,,41,3401,,,0,2022,2069,Asia/Kabul,2018/2/17,Afghanistan
1132127,Now Dahanak,P,PPLA2,AF,Afghanistan,,42,3304,,,0,,2629,Asia/Kabul,2020/6/9,Afghanistan
1132807,Muqer,P,PPLA2,AF,Afghanistan,,8,608,,,0,,2000,Asia/Kabul,2020/6/9,Afghanistan
1135656,Kuran wa Munjan,P,PPLA2,AF,Afghanistan,,1,1104,,,0,,2550,Asia/Kabul,2018/2/17,Afghanistan
1122464,Taywarah,P,PPLA2,AF,Afghanistan,,9,2705,,,0,,2160,Asia/Kabul,2018/2/17,Afghanistan
1122747,Tarinkot,P,PPLA,AF,Afghanistan,,39,2601,,,10000,,1325,Asia/Kabul,2018/2/13,Afghanistan
1129077,Qaisar,P,PPLA2,AF,Afghanistan,,7,1804,,,0,,1258,Asia/Kabul,2020/7/8,Afghanistan
1133310,Mirabad,P,PPL,AF,Afghanistan,,19,2203,,,14160,,514,Asia/Kabul,2018/2/17,Afghanistan
1143782,Dwah Manday,P,PPLA2,AF,Afghanistan,,37,3213,,,0,,1543,Asia/Kabul,2020/6/9,Afghanistan
1146694,Bazar-e Talah,P,PPLA2,AF,Afghanistan,,3,1305,,,0,,1206,Asia/Kabul,2020/6/9,Afghanistan
1147851,Hukumati Azrah,P,PPLA2,AF,Afghanistan,,17,506,,,12526,,2330,Asia/Kabul,2020/6/9,Afghanistan
1429499,Sherwani-ye Bala,P,PPLA2,AF,Afghanistan,,14,204,,,0,,1786,Asia/Kabul,2020/6/11,Afghanistan
1123343,Tagaw-Bay,P,PPL,AF,Afghanistan,,33,3103,,,9096,,1666,Asia/Kabul,2020/6/9,Afghanistan
1125497,Shwak,P,PPLA2,AF,Afghanistan,,36,703,,,0,,2300,Asia/Kabul,2020/6/9,Afghanistan
1125896,Shahrak,P,PPLA2,AF,Afghanistan,,9,2702,,,15967,,2357,Asia/Kabul,2018/2/17,Afghanistan
1131316,Paghman,P,PPL,AF,Afghanistan,,13,108,,,49157,,2328,Asia/Kabul,2020/6/9,Afghanistan
1131649,Now Zad,P,PPLA2,AF,Afghanistan,,10,2306,,,0,,1220,Asia/Kabul,2020/6/9,Afghanistan
1133616,Mazar-e Sharif,P,PPLA,AF,Afghanistan,,30,1601,,,523300,,361,Asia/Kabul,2022/6/18,Afghanistan
1133689,Muta Khan,P,PPLA2,AF,Afghanistan,,29,2915,,,0,,2124,Asia/Kabul,2020/6/9,Afghanistan
1138636,Kalakan,P,PPLA2,AF,Afghanistan,,13,104,,,0,,1593,Asia/Kabul,2020/6/9,Afghanistan
1145128,Chimtal,P,PPLA2,AF,Afghanistan,,30,1608,,,0,,355,Asia/Kabul,2020/6/9,Afghanistan
1145904,Fayroz Koh,P,PPLA,AF,Afghanistan,,9,2701,,,15000,,2263,Asia/Kabul,2020/6/9,Afghanistan
1422873,Langar,P,PPLA2,AF,Afghanistan,,32,1506,,,0,,1440,Asia/Kabul,2018/2/17,Afghanistan
1120497,Bati,P,PPLA2,AF,Afghanistan,,18,817,,,0,,574,Asia/Kabul,2020/6/9,Afghanistan
1120501,Aq Kupruk,P,PPLA2,AF,Afghanistan,,30,1610,,,0,,719,Asia/Kabul,2020/6/9,Afghanistan
1121381,Bazar-e Yakawlang,P,PPLW,AF,Afghanistan,,5,2804,,,65000,,2585,Asia/Kabul,2020/1/2,Afghanistan
1122408,Tir Pul,P,PPL,AF,Afghanistan,,11,2008,,,6979,,751,Asia/Kabul,2020/6/9,Afghanistan
1122705,Bazar-e Tashkan,P,PPLA2,AF,Afghanistan,,1,1124,,,0,,1285,Asia/Kabul,2018/2/17,Afghanistan
1123004,Taloqan,P,PPLA,AF,Afghanistan,,26,1201,,,64256,,801,Asia/Kabul,2018/2/17,Afghanistan
1127547,Sangin,P,PPLA2,AF,Afghanistan,,10,2312,,,13579,,885,Asia/Kabul,2020/6/9,Afghanistan
1129516,Qarqin,P,PPLA2,AF,Afghanistan,,31,1705,,,15018,,263,Asia/Kabul,2020/6/9,Afghanistan
1131162,Panjab,P,PPLA2,AF,Afghanistan,,5,2805,,,13471,,2728,Asia/Kabul,2020/6/9,Afghanistan
1141098,Ghurayd Gharame,P,PPLA2,AF,Afghanistan,,1,1127,,,0,,1884,Asia/Kabul,2020/6/9,Afghanistan
1145511,Tsamkani,P,PPLA2,AF,Afghanistan,,36,708,,,0,,1716,Asia/Kabul,2020/6/9,Afghanistan
1149379,Adraskan,P,PPLA2,AF,Afghanistan,,11,2011,,,0,,1352,Asia/Kabul,2018/2/17,Afghanistan
1423264,Bagh-e Maidan,P,PPLA2,AF,Afghanistan,,40,303,,,0,,1988,Asia/Kabul,2020/6/11,Afghanistan
1429521,Kiraman,P,PPLA2,AF,Afghanistan,,42,3302,,,0,,2527,Asia/Kabul,2020/6/11,Afghanistan
1145352,Charikar,P,PPLA,AF,Afghanistan,,40,301,,,53676,,1554,Asia/Kabul,2019/2/28,Afghanistan
1148106,Art Khwajah,P,PPL,AF,Afghanistan,,26,1214,,,18623,,481,Asia/Kabul,2018/2/17,Afghanistan
1148939,'Ali Khel,P,PPLA2,AF,Afghanistan,,36,711,,,0,,2144,Asia/Kabul,2018/2/17,Afghanistan
1467349,Taqchah Khanah,P,PPLA2,AF,Afghanistan,,26,1217,,,0,,1071,Asia/Kabul,2018/2/17,Afghanistan
1125155,Shindand,P,PPLA2,AF,Afghanistan,,11,2014,,,29264,,1071,Asia/Kabul,2020/6/9,Afghanistan
1125267,Shaykh Amir Kelay,P,PPLA2,AF,Afghanistan,,37,3211,,,0,,1207,Asia/Kabul,2020/6/9,Afghanistan
1126606,Sidqabad,P,PPLA,AF,Afghanistan,,14,201,,,7407,,1486,Asia/Kabul,2018/2/13,Afghanistan
1127110,Sar-e Pul,P,PPLA,AF,Afghanistan,,33,3101,,,52121,,636,Asia/Kabul,2018/2/17,Afghanistan
1128265,Rustaq,P,PPLA2,AF,Afghanistan,,26,1208,,,25636,,1314,Asia/Kabul,2020/6/9,Afghanistan
1132344,Narang,P,PPLA2,AF,Afghanistan,,34,1011,,,0,,779,Asia/Kabul,2018/2/17,Afghanistan
1133657,Maymay,P,PPLA2,AF,Afghanistan,,1,1117,,,0,,1636,Asia/Kabul,2020/6/9,Afghanistan
1137548,Kazhah,P,PPLA2,AF,Afghanistan,,18,805,,,0,,1276,Asia/Kabul,2020/6/9,Afghanistan
1142330,Istalif,P,PPLA2,AF,Afghanistan,,13,106,,,0,,1891,Asia/Kabul,2020/6/9,Afghanistan
1143838,Dasht-e Archi,P,PPL,AF,Afghanistan,,24,1402,,,8263,,379,Asia/Kabul,2018/12/4,Afghanistan
1144121,Darayim,P,PPLA2,AF,Afghanistan,,1,1116,,,0,,1693,Asia/Kabul,2020/6/9,Afghanistan
1145348,Charkh,P,PPLA2,AF,Afghanistan,,17,502,,,0,,2081,Asia/Kabul,2018/2/17,Afghanistan
1148911,Wuluswali 'Alingar,P,PPLA2,AF,Afghanistan,,35,903,,,0,,937,Asia/Kabul,2020/6/9,Afghanistan
1469706,Markaz-e Woluswali-ye Achin,P,PPL,AF,Afghanistan,,18,810,,,15098,,972,Asia/Kabul,2018/2/17,Afghanistan
1120500,Miray,P,PPLA2,AF,Afghanistan,,8,614,,,0,,2077,Asia/Kabul,2020/6/9,Afghanistan
1125890,Shahran,P,PPLA2,AF,Afghanistan,,1,1118,,,0,,2093,Asia/Kabul,2018/2/17,Afghanistan
1127667,Sangar Saray,P,PPLA2,AF,Afghanistan,,18,818,,,0,,517,Asia/Kabul,2020/6/9,Afghanistan
1130132,Qal'ah-ye Shahi,P,PPLA2,AF,Afghanistan,,18,820,,,0,,894,Asia/Kabul,2020/6/9,Afghanistan
1131591,Nusay,P,PPLA2,AF,Afghanistan,,1,1110,,,0,,1260,Asia/Kabul,2020/6/9,Afghanistan
1132046,Nayak,P,PPLA2,AF,Afghanistan,,28,2504,,,0,,2116,Asia/Kabul,2018/2/17,Afghanistan
1132336,Naray,P,PPLA2,AF,Afghanistan,,34,1005,,,0,,1098,Asia/Kabul,2020/6/9,Afghanistan
1135689,Kunduz,P,PPLA,AF,Afghanistan,,24,1401,,,161902,,402,Asia/Kabul,2019/2/26,Afghanistan
1141089,Ghormach,P,PPLA2,AF,Afghanistan,,2,1905,,,30000,,659,Asia/Kabul,2018/2/13,Afghanistan
1142239,Farkhar,P,PPLA2,AF,Afghanistan,,26,1206,,,10480,,1153,Asia/Kabul,2018/2/17,Afghanistan
1146822,Basawul,P,PPLA2,AF,Afghanistan,,18,814,,,6835,,464,Asia/Kabul,2020/6/9,Afghanistan
1137807,Karukh,P,PPLA2,AF,Afghanistan,,11,2005,,,17484,,1340,Asia/Kabul,2018/2/17,Afghanistan
1145605,Chakaray,P,PPLA2,AF,Afghanistan,,13,111,,,0,,2372,Asia/Kabul,2018/2/17,Afghanistan
8534261,Sharan,P,PPLA,AF,Afghanistan,,29,2901,,,2200,,2145,Asia/Kabul,2018/2/13,Afghanistan
1122068,Tormay,P,PPLA2,AF,Afghanistan,,8,603,,,0,,2296,Asia/Kabul,2020/6/9,Afghanistan
1125362,Qashqal,P,PPLA2,AF,Afghanistan,,40,304,,,0,,1733,Asia/Kabul,2020/6/9,Afghanistan
1127664,Sang Atesh,P,PPLA2,AF,Afghanistan,,2,1907,,,0,,634,Asia/Kabul,2018/2/17,Afghanistan
1128186,Ru-ye Sang,P,PPLA2,AF,Afghanistan,,5,2803,,,0,,1751,Asia/Kabul,2018/2/17,Afghanistan
1128565,Ramak,P,PPLA2,AF,Afghanistan,,8,615,,,0,,2183,Asia/Kabul,2020/6/9,Afghanistan
1129013,Quchanghi,P,PPLA2,AF,Afghanistan,,41,3403,,,0,,2456,Asia/Kabul,2020/6/9,Afghanistan
1131406,Obeh,P,PPLA2,AF,Afghanistan,,11,2012,,,0,,1287,Asia/Kabul,2020/7/8,Afghanistan
1134074,Mama Khel,P,PPLA2,AF,Afghanistan,,18,804,,,0,,1531,Asia/Kabul,2020/6/9,Afghanistan
1134762,Larkird,P,PPL,AF,Afghanistan,,33,3104,,,11635,,1508,Asia/Kabul,2018/2/17,Afghanistan
1135980,Khoshamand,P,PPLA2,AF,Afghanistan,,29,2903,,,0,,2011,Asia/Kabul,2020/6/9,Afghanistan
1137147,Chahar Bagh,P,PPLA2,AF,Afghanistan,,7,1811,,,0,,284,Asia/Kabul,2020/6/9,Afghanistan
1141269,Ghazni,P,PPLA,AF,Afghanistan,,8,601,,,141000,,2179,Asia/Kabul,2018/2/17,Afghanistan
1142964,Duab,P,PPLA2,AF,Afghanistan,,32,1505,,,0,,2238,Asia/Kabul,2018/2/17,Afghanistan
1147511,Bagrami,P,PPLA2,AF,Afghanistan,,13,110,,,0,,1788,Asia/Kabul,2020/6/9,Afghanistan
1149371,Afaqi,P,PPLA2,AF,Afghanistan,,26,1202,,,0,,711,Asia/Kabul,2020/7/8,Afghanistan
